Given_and.gwt,succeeded
When_and.gwt,succeeded
Then_and.gwt,succeeded
Instrument.coffee,succeeded
Setup.coffee,succeeded
Given_or.gwt,succeeded
When_or.gwt,succeeded
Then_or.gwt,succeeded
Given_BooleanNot.gwt,succeeded
When_BooleanNot.gwt,succeeded
Then_BooleanNot.gwt,succeeded
Given_BooleanNotFalse.gwt,succeeded
When_BooleanNotFalse.gwt,succeeded
Then_BooleanNotFalse.gwt,succeeded
Given_NumericNotTrue.gwt,succeeded
When_NumericNotTrue.gwt,succeeded
Then_NumericNotTrue.gwt,succeeded
Given_NumericNotFalse.gwt,succeeded
When_NumericNotFalse.gwt,succeeded
Then_NumericNotFalse.gwt,succeeded
gwtDSL.coffee,succeeded
